{
  "type": "mech",
  "name": "[coral]Swirl[]",
  "description": "[coral]Decoy[] class unit that shoots a non-homing bullet, that explodes into homing frag.",
  "speed": 0.65,
  "flying": false,
  "health": 320,
  "armor": 0,
  "itemCapacity": 10,
  "weapons": [
    {
	  "name": "swirl-weapon",
	  "inaccuracy": 0,
      "x": 0,
      "y": 0,
      "reload": 45,
      "mirror": false,
	  "top": true,
        "alternate": false
      "shootSound": "blaster",
      "bullet": {
        "type": "BasicBulletType",
        "speed": 8,
        "damage": 34,
        "lifetime": 20,
        "width": 3,
        "height": 12,
        "hitColor": "88A4FF"
        "backColor": "88A4FF",
        "trailColor": "88A4FF",
        "frontColor": "ffffff",
        "trailWidth": 1,
        "trailLength": 8,
		"fragBullets": 3,
		"fragBullet": {
		"type": "BasicBulletType",
        "speed": 10,
        "damage": 6,
        "lifetime": 20,
        "homingRange": 240,
        "homingPower": 0.15,
        "width": 3,
        "height": 8,
		"backColor": "88A4FF",
		"hitColor": "88A4FF",
		"trailColor": "88A4FF",
        "frontColor": "ffffff",
        "trailWidth": 1.25,
        "trailLength": 4
		}
        }
    }
  ]
}
