{
  "type": "GenericCrafter",
  "name": "Beryllium Extractor",
  "description": "Grinds below for sweet beryllium.",
  "size": 1,
  "drawer": {
"type": "DrawMulti"
"drawers": [
{
"type": "DrawDefault"
}
{
"type": "DrawRegion"
"spinSprite": "true"
"rotateSpeed": 3
"suffix": "-rotator"
}
{
"type": "DrawRegion"
"suffix": "-top"
}
]
}
  "hasPower": true,
  "hasItems": true,
  "hasLiquids": false,
  "loopSound": "crush",
  "craftTime": 120,
  "loopSoundVolume": 1.3,
  "itemCapacity": 50,
  "consumes": {
    "power": 1,
  },
  "requirements": [
    {
      "item": "beryllium",
      "amount": 25
    }
  ],
  "category": "production",
  "research": "OMEGAZERO",
  "outputItem": {
    "item": "beryllium",
    "amount": 1
  }
}
