{
  "type": "GenericCrafter",
  "name": "Carbon Extractor",
  "description": "Extracts carbon from dust.",
  "size": 2
  "hasPower": false,
  "hasItems": true,
  "hasLiquids": false,
  "loopSound": "crush",
  "craftTime": 600,
  "loopSoundVolume": 1.3,
  "itemCapacity": 24,
  "consumes": [
  "dust/12"
  ],
  "requirements": [
    {
      "item": "silicon",
      "amount": 30
    },
    {
      "item": "graphite",
      "amount": 60
    }
  ],
  "category": "production",
  "research": "OMEGAZERO",
  "outputItem": {
    "item": "coal",
    "amount": 1
  }
}
