{
  "type": "GenericCrafter",
  "name": "Cobalt Extractor",
  "description": "Grinds below for sweet cobalt.",
  "size": 2,
  "drawer": {
"type": "DrawMulti"
"drawers": [
{
"type": "DrawDefault"
}
{
"type": "DrawRegion"
"spinSprite": "true"
"rotateSpeed": 1
"suffix": "-rotator"
}
{
"type": "DrawRegion"
"suffix": "-top"
}
]
}
  "hasPower": true,
  "hasItems": true,
  "hasLiquids": true,
  "craftTime": 180,
  "loopSoundVolume": 1.3,
  "itemCapacity": 16,
  "consumes": {
    "power": 0.75,
    "liquid": {
      "liquid": "nitrogen",
      "amount": 0.01
    }
  },
  "requirements": [
    {
      "item": "beryllium",
      "amount": 60
    },
    {
      "item": "silicon",
      "amount": 35
    },
	{
		"item": "graphite",
		"amount": 45
	}
  ],
  "category": "production",
  "research": "OMEGAZERO",
  "outputItem": {
    "item": "cobalt",
    "amount": 1
  }
}
