{
  "type": "GenericCrafter",
  "name": "Dust Collector",
  "description": "Collects dust from athmosphere.",
  "size": 2,
  "drawer": {
"type": "DrawMulti"
"drawers": [
{
"type": "DrawDefault"
}
{
"type": "DrawRegion"
"spinSprite": "true"
"rotateSpeed": 0.1
"suffix": "-rotator"
}
{
"type": "DrawRegion"
"suffix": "-top"
}
]
}
  "hasPower": true,
  "hasItems": true,
  "hasLiquids": false,
  "craftTime": 1200,
  "loopSoundVolume": 1.3,
  "itemCapacity": 8,
  "consumes": [
     "power/0"
  ],
  "requirements": [
    {
      "item": "silicon",
      "amount": 60
    },
    {
      "item": "graphite",
      "amount": 120
    }
  ],
  "category": "production",
  "research": "OMEGAZERO",
  "outputItem": {
    "item": "dust",
    "amount": 1
  }
}
