{
  "type": "GenericCrafter",
  "name": "Graphite Extractor",
  "description": "Grinds below for sweet carbon.",
  "size": 1,
  "drawer": {
"type": "DrawMulti"
"drawers": [
{
"type": "DrawDefault"
}
{
"type": "DrawRegion"
"spinSprite": "true"
"rotateSpeed": 3
"suffix": "-rotator"
}
{
"type": "DrawRegion"
"suffix": "-top"
}
]
}
  "hasPower": true,
  "hasItems": true,
  "hasLiquids": false,
  "craftTime": 120,
  "loopSoundVolume": 1.3,
  "itemCapacity": 50,
  "consumes": {
    "power": 1,
  },
  "requirements": [
  {
		"item": "graphite",
		"amount": 25
  }
  ],
  "category": "production",
  "research": "OMEGAZERO",
  "outputItem": {
    "item": "graphite",
    "amount": 1
  }
}
