{
  "type": "Separator",
  "name": "Metal Sorter",
  "description": "Not to be confused with... duct router?",
  "size": 1,
  "heath": 200,
  "drawer": {
"type": "DrawMulti"
"drawers": [
{
"type": "DrawDefault"
}
{
"type": "DrawRegion"
"spinSprite": "true"
"rotateSpeed": 6
"suffix": "-rotator"
}
{
"type": "DrawRegion"
"suffix": "-top"
}
]
}
  "hasPower": true,
  "hasItems": true,
  "hasLiquids": true,
  "craftTime": 30,
  "loopSoundVolume": 1.3,
  "itemCapacity": 24,
  "consumes": {
    "power": 2.3,
    "liquid": {
      "liquid": "slag",
      "amount": 0.1875
    },
    "liquid": {
      "liquid": "hydrogen",
      "amount": 0.0125
    }
  },
  "requirements": [
    {
      "item": "oxide",
      "amount": 50
    },
    {
      "item": "tungsten",
      "amount": 75
    },
	{
		"item": "graphite",
		"amount": 65
	}
  ],
  "category": "production",
  "research": "OMEGAZERO",  
  "results": [
    {
      "item": "beryllium",
      "amount": 1
    },
    {
      "item": "graphite",
      "amount": 1
    },
    {
      "item": "thorium",
      "amount": 1
    },
    {
      "item": "tungsten",
      "amount": 1
    },
    {
      "item": "sand",
      "amount": 3
    }
  ]
}
