{
  "type": "GenericCrafter",
  "name": "Small Electrolyzer",
  "description": "An Electrolyzer that has been re-developed by [lightgray]Enria[] faction.",
  "size": 1,
  "requirements": [
    {"item": "silicon", "amount": 10},
    {"item": "graphite", "amount": 8},
    {"item": "beryllium", "amount": 18},
    {"item": "tungsten", "amount": 12}
  ],
  "category": "crafting",
  "research": "OMEGAZERO",
  "researchCostMultiplier": 4,
  "craftTime": 5,
  "rotate": true,
  "invertFlip": true,
  "liquidCapacity": 8,
  "consumes": {
    "power": 0.18,
    "liquid": {
      "liquid": "water",
      "amount": 0.0185
    }
  },
  "drawer": {
    "type": "DrawMulti",
    "drawers": [
      {
        "type": "DrawRegion",
        "suffix": "-bottom"
      },
      {
        "type": "DrawLiquidTile",
        "drawLiquid": "water",
        "alpha": 2
      },
      {
        "type": "DrawBubbles",
        "color": "7693e3",
        "sides": 7,
        "recurrence": 3,
        "spread": 6,
        "radius": 0.75,
        "amount": 10
      },
      {
        "type": "DrawRegion"
      },
      {
        "type": "DrawLiquidOutputs" 
      },
      {
        "type": "DrawGlowRegion",
        "alpha": 0.7,
        "color": "c4bdf3",
        "glowIntensity": 0.3,
        "glowScale": 6
      }
    ]
  },
  "ambientSound": "electricHum",
  "ambientSoundVolume": 0.1,
  "regionRotated1": 3,
  "outputLiquids": [{"liquid": "ozone", "amount": 0.007778}, {"liquid": "hydrogen", "amount": 0.011111}],
  "liquidOutputDirections": [1, 3]
}
