{
  "type": "HeatCrafter",
  "name": "Small Athmospheric Concentrator",
  "description": "A re-imgined version of Athmospheric concentrator. Smaller in size but also with less efficiency. Has been developed by [lightgray]Enria[] faction.",
  "size": 1,
  "hasLiquids": true,
  "category": "crafting",
  "research": "atmospheric-concentrator",
  "requirements": [
    "oxide/10",
    "beryllium/30",
    "silicon/20"
  ],
  "drawer": {
    "type": "DrawMulti",
    "drawers": [
      {
        "type": "DrawRegion",
        "suffix": "-bottom"
      },
      {
        "type": "DrawLiquidTile",
        "drawLiquid": "nitrogen",
        "alpha": 4.1
      },
      {
        "type": "DrawDefault" 
      },
      {
        "type": "DrawHeatInput"
      },
      {
        "type": "DrawParticles",
        "color": "d4f0ff",
        "alpha": 0.6,
        "particleSize": 4,
        "particles": 10,
        "particleRad": 12,
        "particleLife": 140
      }
    ]
  },
  "researchCostMultiplier": 3,
  "liquidCapacity": 5.5556,
  "consumes": {
    "power": 0.2889
  },
  "ambientSound": "extractLoop",
  "ambientSoundVolume": 0.09,
  "heatRequirement": 1,
  "outputLiquid": "nitrogen/0.0111",
  "craftTime": 60,
}
