{
  "type": "GenericCrafter",
  "name": "Thorium Part Constructor",
  "description": "Makes some parts.",
  "size": 2,
  "health": 400,
  "hasPower": true,
  "hasItems": true,
  "hasLiquids": true,
  "loopSound": "crush",
  "craftTime": 60,
  "loopSoundVolume": 1.3,
  "itemCapacity": 40,
  "consumes": {
  "items": {
	  "items": [
  "thorium/20",
  ]
  }
  "power": 1.2,
  "liquid": {
  "liquid": "water",
  "amount": 0.5
  }
  },
  "requirements": [
    {
      "item": "thorium",
      "amount": 45
    },
    {
      "item": "silicon",
      "amount": 30
    }
  ],
  "category": "crafting",
  "research": "OMEGAZERO",
  "outputItem": {
    "item": "thorium-parts",
    "amount": 1
  }
}
