{
  "type": "GenericCrafter",
  "name": "Titanium Part Constructor",
  "description": "Makes some parts.",
  "size": 2,
  "health": 400,
  "hasPower": true,
  "hasItems": true,
  "hasLiquids": false,
  "loopSound": "crush",
  "craftTime": 60,
  "loopSoundVolume": 1.3,
  "itemCapacity": 40,
  "consumes": {
  "items": {
	  "items": [
  "titanium/20",
  ]
  }
  "power": 1.2,
  },
  "requirements": [
    {
      "item": "titanium",
      "amount": 45
    },
    {
      "item": "graphite",
      "amount": 30
    },
	{
	  "item": "copper-parts",
	  "amount": 10
	}
  ],
  "category": "crafting",
  "research": "OMEGAZERO",
  "outputItem": {
    "item": "titanium-parts",
    "amount": 1
  }
}
