{
  "type": "GenericCrafter",
  "name": "Tungsten Extractor",
  "description": "Grinds below for sweet tungsten.",
  "size": 1,
  "drawer": {
"type": "DrawMulti"
"drawers": [
{
"type": "DrawDefault"
}
{
"type": "DrawRegion"
"spinSprite": "true"
"rotateSpeed": 3
"suffix": "-rotator"
}
{
"type": "DrawRegion"
"suffix": "-top"
}
]
}
  "hasPower": true,
  "hasItems": true,
  "hasLiquids": true,
  "craftTime": 120,
  "loopSoundVolume": 1.3,
  "itemCapacity": 50,
  "consumes": {
    "power": 1.1,
    "liquid": {
      "liquid": "water",
      "amount": 0.01
    }
  },
  "requirements": [
    {
      "item": "beryllium",
      "amount": 60
    },
    {
      "item": "silicon",
      "amount": 35
    },
	{
		"item": "graphite",
		"amount": 45
	}
  ],
  "category": "production",
  "research": "OMEGAZERO",
  "outputItem": {
    "item": "tungsten",
    "amount": 1
  }
}
