{
  "type": "flying",
  "name": "[#ddddff]Bow",
  "description": "This units shoots an energy bolt that travels fast and deals weak damage. It's long-ranged capabilities are perfect for both defending and atacking.",
  "engineOffset": 5.75,
  "engineColor": "aaaaff",
  "engineColorInner": "ddddff",
  "drag": 0.04,
  "accel": 0.08,
  "speed": 2.25,
  "research": "air-factory",
  
  "armor": 0,
  "commandLimit": 888,
  "health": 225,
  "flying": true,
  "rotateWeapon": true,
  "rotateSpeed": 15,
  "itemCapacity": 10,
  "weapons": [
    {
      "range": 200,
      "x": 0,
      "y": 2,
      "reload": 120,
      "spacing": 0,
      "mirror": false,
        "alternate": false
      "shootSound": "shotgun",
      "bullet": {
        "type": "LaserBoltBulletType",
        "speed": 10,
        "damage": 45,
        "buildingDamageMultiplier": 0.1,
        "mixColorFrom": "aaaaaa",
        "mixColorTo": "dddddd",
        "homingRange": 180,
        "homingPower": 0.1,
        "hitEffect": {
            "type": "MultiEffect",
            "effects": [
                {
                    "type": "WaveEffect",
                    "colorFrom": "aaaaff",
                    "colorTo": "ffffff",
                    "rotation": 0,
                    "sizeFrom": 0,
                    "sizeTo": 3
                }
            ]
        }
      }
    }
  ],
"hitSize": 9,
"research": "maf"
}
