{
  "type": "flying",
  "flying": true,
  "name": "[#ffdddd]Spear",
  "description": "A really powerful unit that shoots bursts of close-ranged slugs.",
  "research": "maf",
  "speed": 2.45,
  "accel": 0.08,
  "drag": 0.04,
  "health": 225,
  "engineOffset": 5.75,
  "engineColor": "ffaaaa",
  "engineColorInner": "ffdddd",
  "targetFlags": ["generator"],
  "hitSize": 9,
  "itemCapacity": 5,
  "weapons": [
    {
      "y": 0,
      "x": 2,
      "reload": 20,
      "ejectEffect": "casing1",
      "bullet": {
        "type": "BasicBulletType",
        "speed": 2.5,
        "damage": 12,
        "width": 7,
        "height": 9,
        "lifetime": 45,
        "shootEffect": "shootSmall",
        "smokeEffect": "shootSmallSmoke",
        "frontColor": "ffdddd",
        "backColor": "ffaaaa"
      }
    },
	{
      "y": 0,
      "x": 2,
      "reload": 20,
      "ejectEffect": "casing1",
      "bullet": {
        "type": "BasicBulletType",
        "speed": 3,
        "damage": 10,
        "width": 6,
        "height": 8,
        "lifetime": 42.5,
        "shootEffect": "shootSmall",
        "smokeEffect": "shootSmallSmoke",
        "frontColor": "ffdddd",
        "backColor": "ffaaaa"
      },
	}
	{
      "y": 0,
      "x": 2,
      "reload": 20,
      "ejectEffect": "casing1",
      "bullet": {
        "type": "BasicBulletType",
        "speed": 3.5,
        "damage": 8,
        "width": 5,
        "height": 7,
        "lifetime": 40,
        "shootEffect": "shootSmall",
        "smokeEffect": "shootSmallSmoke",
        "frontColor": "ffdddd",
        "backColor": "ffaaaa"
      }
    }
  ]
}
