{
  "type": "flying",
  "name": "[#aaffaa]Supressor",
  "description": "An upgrade from Savior. This one bites hard. [green]Increased healing aura radius and range of laser, but reduced effectiveness of both.[]",
  "research": "savior",
  "abilities": [
    {
      "type": "RepairFieldAbility", 
      "range": 120, 
      "amount": 2, 
      "reload": 120, 
      "activeEffect": {
        "type": "WaveEffect", 
        "sizeFrom": 0, 
        "sizeTo": 120, 
        "colorFrom": "aaffaa", 
        "colorTo": "ffffff"
      }
    },
  ],
  "mineSpeed": 1.2,
  "mineTier": 2,
  "buildSpeed": 1.2,
  "engineColor": "aaffaa",
  "engineColorInner": "ddffdd",
  "armor": 4,
  "itemCapacity": 15,
  "speed": 1.9,
  "drag": 0.016,
  "accel": 0.08,
  "canHeal": true,
  "drawBuildBeam": true,
  "health": 350,
  "mineHardnessScaling": true,
  "flying": true,
  "controller": "RepairAI",
  "weapons": [
    {
      "mirror": false,
      "shootSound": "laser",
      "x": 0,
      "y": 2,
      "reload": 175,
      "rotate": false,
      "noAttack": false,
      "range": 140,
      "bullet": {
        "type": "LaserBulletType",
        "damage": 1,
        "healPercent": 0.1,
        "length": 120,
        "colors": ["ddffdd", "ffffff", "aaffaa"]
        "collidesTeam": true,
        "collidesTiles": true,
        "collidesAir": true,
        "collidesBlocks": true,
      }
    }
  ]
}
