{
  "type": "flying",
  "name": "[#777777]Arrival",
  "description": "Darkness comes.",
  "research": "maf",
  "mineSpeed": 2,
  "mineTier": 1,
  "buildSpeed": 2.5,
  "engineColor": "777777",
  "engineColorInner": "555555",
  "armor": 999999,
  "itemCapacity": 35,
  "speed": 2.15,
  "drag": 0.04,
  "accel": 0.08,
  "canHeal": true,
  "drawBuildBeam": true,
  "health": 25,
  "mineHardnessScaling": true,
  "flying": true,
  "weapons": [
    {
      "mirror": false,
      "shootSound": "laser",
      "x": 0,
      "y": 0,
      "reload": 5,
	  "inaccuracy": 90,
      "rotate": false,
      "noAttack": false,
      "range": 100,
      "bullet": {
        "type": "LaserBulletType",
        "damage": 5,
        "length": 90,
        "colors": ["555555", "333333", "777777"]
        "collidesTeam": true,
        "collidesTiles": true,
        "collidesAir": true,
        "collidesBlocks": true,
      }
    }
  ]
}
