{
  "type": "flying",
  "name": "[teal]Droid II",
  "description": "Ancient forces has awaken.",
  "engineOffset": 5.75,
  "engineColor": "00aaaa",
  "engineColorInner": "00ffff",
  "drag": 0.04,
  "accel": 0.08,
  "speed": 2.25,
  
  "armor": 12,
  "commandLimit": 888,
  "health": 625,
  "flying": true,
  "rotateWeapon": true,
  "rotate": true,
  "rotateSpeed": 15,
  "itemCapacity": 35,
  "weapons": [
    {
      "range": 200,
      "x": 0,
      "y": 0,
      "reload": 15,
      "spacing": 0,
      "mirror": false,
        "alternate": false
		"rotate": true,
		"top": true,
      "shootSound": "blaster",
      "bullet": {
        "type": "LaserBoltBulletType",
        "speed": 6.5,
        "damage": 65,
		"innacuracy": 4,
        "buildingDamageMultiplier": 1.1,
        "mixColorFrom": "aaaaaa",
        "mixColorTo": "dddddd",
        "hitEffect": {
            "type": "MultiEffect",
            "effects": [
                {
                    "type": "WaveEffect",
                    "colorFrom": "aaffff",
                    "colorTo": "ffffff",
                    "rotation": 0,
                    "sizeFrom": 0,
                    "sizeTo": 3
                }
            ]
        }
      }
    }
  ],
"research": "OMEGAZERO"
}
