{
  "type": "flying",
  "name": "[#ccccff]Longbow",
  "description": "An upgrade from Bow, this unit shoots piercing energy bolt that homes into enemies, dealing weak damage. Still has that sweet range.",
  "engineOffset": 7.8,
  "engineColor": "aaaaff",
  "engineColorInner": "ddddff",
  "drag": 0.016,
  "accel": 0.08,
  "speed": 1.85,
  "research": "kiky5-bow",
  
  "armor": 8,
  "commandLimit": 888,
  "health": 375,
  "flying": true,
  "rotateWeapon": true,
  "rotateSpeed": 15,
  "itemCapacity": 10,
  "weapons": [
    {
      "range": 200,
      "x": 0,
      "y": 2,
      "reload": 145,
      "spacing": 0,
      "mirror": false,
        "alternate": false
      "shootSound": "shotgun",
      "bullet": {
        "type": "LaserBoltBulletType",
        "speed": 10,
        "pierce": true,
        "pierceCap": 5,
        "damage": 75,
        "buildingDamageMultiplier": 0.1,
        "mixColorFrom": "aaaaaa",
        "mixColorTo": "dddddd",
        "homingRange": 200,
        "homingPower": 0.2,
        "hitEffect": {
            "type": "MultiEffect",
            "effects": [
                {
                    "type": "WaveEffect",
                    "colorFrom": "aaaaff",
                    "colorTo": "ffffff",
                    "rotation": 0,
                    "sizeFrom": 0,
                    "sizeTo": 3
                }
            ]
        }
      }
    }
  ],
"hitSize": 10,
"research": "bow"
}
