{
  "type": "flying",
  "name": "[#ddffdd]Savior",
  "description": "Smallest support drone of Savior family. Still capable of fighting back, though.",
  "research": "maf",
  "abilities": [
    {
      "type": "RepairFieldAbility", 
      "range": 40, 
      "amount": 10, 
      "reload": 60, 
      "activeEffect": {
        "type": "WaveEffect", 
        "sizeFrom": 0, 
        "sizeTo": 60, 
        "colorFrom": "ddffdd", 
        "colorTo": "ffffff"
      }
    },
  ],
  "mineSpeed": 1,
  "mineTier": 1,
  "buildSpeed": 1,
  "engineColor": "aaffaa",
  "engineColorInner": "ddffdd",
  "armor": 2,
  "itemCapacity": 15,
  "speed": 2.3,
  "drag": 0.04,
  "accel": 0.08,
  "canHeal": true,
  "drawBuildBeam": true,
  "health": 200,
  "mineHardnessScaling": true,
  "flying": true,
  "controller": "RepairAI",
  "weapons": [
    {
      "mirror": false,
      "shootSound": "laser",
      "x": 0,
      "y": 2,
      "reload": 30,
      "rotate": false,
      "noAttack": false,
      "range": 30,
      "bullet": {
        "type": "LaserBulletType",
        "damage": 7.5,
        "healPercent": 10,
        "length": 20,
        "colors": ["ddffdd", "ffffff", "aaffaa"]
        "collidesTeam": true,
        "collidesTiles": true,
        "collidesAir": true,
        "collidesBlocks": true,
      }
    }
  ]
}
