{
 "type": "tank",
 "name": "[#80CFF7]Rene[]",
 "description": "Small tank tank.",
 "hitSize": 8,
 "health": 1040,
 "armor": 9,
 "treadFrames": 4,
 "hovering": false,
 "outlineColor": "2D2F39",
 "speed": 1.35,
 "drag": 0.1,
 "accel": 0.1,
 "rotateSpeed": 2,
 "omniMovement": false, //I hope this works out!!!
 "baseRotateSpeed": 2,
 "commandLimit": 888,
 "itemCapacity": 0,
 "flying": false,
 "commandRadius": 666, //lol
 "drownTimeMultiplier": "1",
 "weapons": [
    {
	  "name": "rene-weapon",
      "x": 0,
      "y": 0,
      "reload": 60,
	  "rotate": true,
      "spacing": 0,
      "mirror": false,
        "alternate": false,
		"top": true,
      "shootSound": "blaster",
      "bullet": {
        "type": "BasicBulletType",
        "speed": 5,
        "damage": 75,
        "width": 8,
        "height": 10,
        "lifetime": 75,
        "shootEffect": "shootSmall",
        "smokeEffect": "shootSmallSmoke",
        "hitColor": "80CFF7"
        "backColor": "80CFF7",
        "trailColor": "80CFF7",
        "frontColor": "ffffff",
        "trailWidth": 1,
        "trailLength": 4.5
      }
    }
	],
	"research": {
  "parent": "nothing",
  "requirements": [
  "tungsten/88", //88 > 69
  ],
	},
}
