{
  "type": "flying",
  "name": "[purple]Stealth",
  "description": "You can't see me!~",
  "engineOffset": 5.75,
  "drag": 0.08,
  "accel": 0.04,
  "speed": 4.5,
  
  "armor": 999999,
  "commandLimit": 888,
  "health": 75,
  "flying": true,
  "rotateWeapon": false,
  "rotateSpeed": 15,
  "itemCapacity": 5,
  "weapons": [
    {
	  "name": "stealth-weapon",
	  "inaccuracy": 0,
      "x": 3,
      "y": 0,
      "reload": 7.5,
      "spacing": 0,
      "mirror": true,
	  "top": true,
        "alternate": true
      "shootSound": "invalid",
      "bullet": {
        "type": "BasicBulletType",
        "speed": 12,
        "damage": 20,
        "buildingDamageMultiplier": 0.05,
        "lifetime": 45,
        "width": 3,
        "height": 12,
        "homingRange": 180,
        "homingPower": 0.25,
        "hitColor": "ffffff"
        "backColor": "ffffff",
        "trailColor": "ffffff",
        "frontColor": "ffffff",
        "trailWidth": 1,
        "trailLength": 8,
        "pierceCap": 3,
        "pierce": true
        }
    }
  ],
"hitSize": 9,
"research": "OMEGAZERO"
}
