{
  "type": "unitFactory",
  "name": "[#ffbbaa]Compact Ground Factory",
  "description": "Produces ground units. takes less space at cost of speed.",
  "size": 2,
  "consumes": {
    "power": 0.5,
  },
  "plans": [
    {
      "unit": "dagger",
      "requirements": [
        {
          "item": "silicon",
          "amount": 10
        },
        {
          "item": "lead",
          "amount": 10
        }
      ],
      "time": 1200
    },
    {
      "unit": "crawler",
      "requirements": [
        {
          "item": "silicon",
          "amount": 8
        },
        {
          "item": "coal",
          "amount": 10
        }
      ],
      "time": 1000
    },
    {
      "unit": "nova",
      "requirements": [
        {
          "item": "silicon",
          "amount": 30
        },
        {
          "item": "lead",
          "amount": 20
        },
        {
          "item": "titanium",
          "amount": 20
        }
      ],
      "time": 2400
    }
  ],
  "requirements": [
    {
      "item": "lead",
      "amount": 45
    },
    {
      "item": "copper",
      "amount": 30
    },
    {
      "item": "silicon",
      "amount": 15
    }
  ],
  "category": "units",
  "research": "omegazero"
}
