{
  "type": "unitFactory",
  "name": "[#ddddff]AirFactory",
  "description": "Produces modded air units.",
  "size": 2,
  "consumes": {
    "power": 0.9,
  },
  "plans": [
    {
      "unit": "bow",
      "requirements": [
        {
          "item": "silicon",
          "amount": 12
        },
        {
          "item": "graphite",
          "amount": 12
        }
      ],
      "time": 400
    },
    {
      "unit": "longbow",
      "requirements": [
        {
          "item": "silicon",
          "amount": 24
        },
        {
          "item": "graphite",
          "amount": 24
        }
      ],
      "time": 800
    },
    {
      "unit": "savior",
      "requirements": [
        {
          "item": "silicon",
          "amount": 16
        },
        {
          "item": "graphite",
          "amount": 16
        },
        {
          "item": "titanium",
          "amount": 8
        }
      ],
      "time": 500
    },
    {
      "unit": "spear",
      "requirements": [
        {
          "item": "copper",
          "amount": 24
        },
        {
          "item": "graphite",
          "amount": 10
        },
        {
          "item": "silicon",
          "amount": 12
        }
      ],
      "time": 600
    },
    {
      "unit": "supressor",
      "requirements": [
        {
          "item": "silicon",
          "amount": 36
        },
        {
          "item": "graphite",
          "amount": 36
        },
        {
          "item": "titanium",
          "amount": 18
        }
      ],
      "time": 1000
    },
    {
      "unit": "ocean",
      "requirements": [
        {
          "item": "blast-compound",
          "amount": 5
        },
        {
          "item": "surge-alloy",
          "amount": 5
        },
        {
          "item": "titanium",
          "amount": 5
        }
      ],
      "time": 1200
    },
    {
      "unit": "arrival",
      "requirements": [
        {
          "item": "silicon",
          "amount": 66
        },
        {
          "item": "graphite",
          "amount": 33
        }
      ],
      "time": 1300
    },
    {
      "unit": "gunner",
      "requirements": [
        {
          "item": "silicon",
          "amount": 20
        },
        {
          "item": "lead",
          "amount": 75
        }
      ],
      "time": 2500
    }
  ],
  "requirements": [
    {
      "item": "lead",
      "amount": 45
    },
    {
      "item": "titanium",
      "amount": 30
    },
    {
      "item": "silicon",
      "amount": 15
    }
  ],
  "category": "units",
  "research": "omegazero"
}
