{
  "type": "unitFactory",
  "name": "[blue]Spaceship Factory[]",
  "description": "Produces [blue]Spaceships[], which can be further upgraded.",
  "size": 3,
  "consumes": {
    "power": 0.5,
  },
  "plans": [
    {
      "unit": "river",
      "requirements": [
        {
          "item": "copper",
          "amount": 60
        },
        {
          "item": "silicon",
          "amount": 20
        }
      ],
      "time": 2800
    },
    {
      "unit": "xero",
      "requirements": [
        {
          "item": "copper",
          "amount": 45
        },
        {
          "item": "silicon",
          "amount": 15
        }
      ],
      "time": 2800
    },
    {
      "unit": "renie",
      "requirements": [
        {
          "item": "copper",
          "amount": 75
        },
        {
          "item": "silicon",
          "amount": 10
        }
      ],
      "time": 2800
    },
    {
      "unit": "sage",
      "requirements": [
        {
          "item": "lead",
          "amount": 45
        },
        {
          "item": "silicon",
          "amount": 15
        }
      ],
      "time": 2800
    }
  ],
  "requirements": [
    {
      "item": "silicon",
      "amount": 30
    },
    {
      "item": "copper",
      "amount": 90
    }
  ],
  "category": "units",
  "research": "OMEGAZERO"
}
