{
  "type": "Reconstructor",
  "name": "[blue]Spaceship Upgrader[]",
  "description": "Upgrades inputted [blue]Spaceship[] units to Tier 2.",
  "constructTime": 3200,
  "size": 3,
  "consumes": {
    "power": 0.75,
    "items": {
      "items": [
        "graphite/45",
        "silicon/15"
      ]
    }
  },
  "upgrades": [
    ["river", "sphyrnida"], ["xero", "erexa"], ["renie", "crusher"], ["sage", "rage"]
  ],
  "requirements": [
    {
      "item": "copper",
      "amount": 200
    },
    {
      "item": "silicon",
      "amount": 60
    },
    {
      "item": "lead",
      "amount": 200
    },
    {
      "item": "graphite",
      "amount": 45
    }
  ],
  "category": "units",
  "research": "ssf"
}
