{
  "type": "Reconstructor",
  "name": "[green]Support Refabricator[]",
  "description": "Upgrades ground support units to Tier 2.",
  "constructTime": 2400,
  "size": 3,
  "consumes": {
    "power": 1.25,
    "liquid": "hydrogen/0.05",
    "items": {
      "items": [
        "tungsten/55",
        "silicon/75"
      ]
    }
  },
  "upgrades": [
    ["beacon", "markdown"] 
  ],
  "requirements": [
    {
      "item": "beryllium",
      "amount": 250
    },
    {
      "item": "silicon",
      "amount": 175
    },
    {
      "item": "tungsten",
      "amount": 125
    },
    {
      "item": "oxide",
      "amount": 55
    }
  ],
  "category": "units",
  "research": "support-fabricator"
}
