{
 "type": "tank",
 "name": "[green]Beacon[]",
 "description": "Small healer tank.",
 "hitSize": 8,
 "health": 540,
 "armor": 5,
 "envDisabled": 0,
 "treadFrames": 69,
 "controller": "HealerAI",
 "hovering": false,
 "outlineColor": "2D2F39",
 "speed": 1.5,
 "drag": 0.1,
 "accel": 0.1,
 "rotateSpeed": 2,
 "omniMovement": false, //I hope this works out!!!
 "baseRotateSpeed": 2,
 "commandLimit": 888,
 "itemCapacity": 0,
 "flying": false,
 "commandRadius": 666, //lol
 "drownTimeMultiplier": "1",
 "weapons": [
  {
    "name": "beacon-heal",
	"type": "RepairBeamWeapon",
	"reload": 15,
	"beamWidth": 0.8,
	"mirror":  false,
	"rotate": true,
	"top": true,
	"shootCone": 15,
	"repairSpeed": 0.2,
	"fractionRepairSpeed": 0.0025,
	"targetBuildings": true,
	"targetUnits": true,
	"widthSinMag": 0.09,
	"x": 0,
	"y": 0
	"bullet": {
		"maxRange": 12
	}
  }
	],
	"research": {
  "parent": "nothing",
  "requirements": [
  "beryllium/88", //88 > 69
  ],
	},
}
