{
  "type": "flying",
  "name": "CELL",
  "description": "THEY CREATED THE CREATOR OF THE UNIVERSE",
  "engineSize": 0,
  "engineColor": "ffffff",
  "engineColorInner": "ffffff",
  "mineSpeed": 1000,
  "mineTier": 999999,
  "buildSpeed": 999999,
  "drag": 0.04,
  "accel": 0.08,
  "speed": 4.50,
  
  "armor": 999999999,
  "commandLimit": 888,
  "health": 999999999,
  "flying": true,
  "rotateWeapon": true,
  "rotateSpeed": 15,
  "itemCapacity": 999999999,
  "weapons": [
    {
      "range": 200,
  "shoot": {
	  "type": "ShootPattern",
	  "shots": 20
  },
	  "inaccuracy": 20,
      "x": 0,
      "y": 0,
      "reload": 1,
      "spacing": 0,
      "mirror": false,
        "alternate": false
      "shootSound": "invalid",
      "bullet": {
        "type": "BasicBulletType",
        "speed": 24,
        "damage": 999999999,
        "lifetime": 90,
        "width": 3,
        "height": 12,
        "homingRange": 240,
        "homingPower": 0.5,
        "hitColor": "ffffff"
        "backColor": "ffffff",
        "trailColor": "ffffff",
        "frontColor": "ffffff",
        "trailWidth": 1,
        "trailLength": 8,
        "pierce": true
        }
    }
  ],
"hitSize": 0,
"research": "OMEGAZERO"
}
