{
  "type": "missile",
  "name": "Shocker Missile",
  "description": "Powerful missile that shocks nearby enemies. Shocks cause enemies to be sapped.",
  "flying": true,
  "template": "MissileUnitType",
  "speed": 6.8,
  "lifetime": 320,
  "deathExplosionEffect": "massiveExplosion",
  "trailColor": "9E78DC",
  "trailLength": 22,
  "weapons": [
    {
      "shootCone": 360,
      "mirror": false,
      "reload": 1,
      "shootOnDeath": true,
      "shake": 9,
      "bullet": {
        "type": "ExplosionBulletType",
        "splashDamage": 2200,
        "splashDamageRadius": 70,
        "hitColor": "9E78DC",
        "collidesAir": true,
        "collidesGround": false,
        "buildingDamageMultiplier": 0,
        "fragLifeMin": 0.1,
        "fragBullets": 7,
        "fragBullet": {
          "type": "FlakBulletType",
          "speed": 3.4,
          "damage": 100,
          "collidesAir": true,
          "collidesGround": false,
          "collidesTiles": false,
          "buildingDamageMultiplier": 0,
          "drag": 0.02,
          "hitEffect": "massiveExplosion",
          "despawnEffect": "scatheSlash",
          "knockback": 0.8,
          "lifetime": 23,
          "height": 18,
          "width": 9,
          "splashDamageRadius": 40,
          "splashDamage": 80,
          "backColor": "9E78DC",
          "trailColor": "9E78DC",
          "hitColor": "9E78DC",
          "frontColor": "ffffff",
          "smokeEffect": "shootBigSmoke2",
          "despawnShake": 6,
          "lightRadius": 30,
          "lightColor": "9E78DC",
          "lightOpacity": 0.5,
          "trailLength": 20,
          "trailWidth": 3.5,
          "trailEffect": "none"
        }
      }
    }
  ]
  
  "abilities": [
  {
	  "type": "EnergyFieldAbility",
	  "damage": 10,
	  "color": "9E78DC",
	  "hitUnits": true,
	  "hitBuildings": false,
	  "healPercent": 0,
	  "maxTargets": 1,
	  "range": 128,
	  "reload": 5,
	  "shootSound": "blaster",
	  "sectors": 12,
	  "status": "sapped",
	  "statusDuration": 320,
	  "targetAir": true,
	  "targetGround": true
  }
  ]
}
