{
  "type": "SolarGenerator",
  "name": "Cobalt Windmill",
  "description": "Unlike it's pretecessor, has more health and produces more power.",
  "drawer": {
"type": "DrawMulti"
"drawers": [
{
"type": "DrawDefault"
}
{
"type": "DrawRegion"
"spinSprite": "true"
"rotateSpeed": 6
"suffix": "-rotator"
}
{
"type": "DrawRegion"
"suffix": "-top"
}
]
}
  "size": 2,
  "health": 750,
  "explodeOnFull": false,
  "category": "power",
  "research": "OMEGAZERO",
  "powerProduction": 1.5,
  "hasLiquids": false,
  "requirements": [
    "cobalt/75",
	"silicon/25"
  ]
}
