{
  "type": "GenericCrafter",
  "name": "Graphite Factory",
  "description": "This is one of the upgrades for Graphite Press. It uses bit more coal, but outputs bit more than usual.",
  "size": 2,
  "health": 340,
  "hasPower": false,
  "hasItems": true,
  "hasLiquids": false,
  "loopSound": "hum",
  "craftTime": 30,
  "loopSoundVolume": 1.3,
  "itemCapacity": 10,
  "consumes": {
  "items": {
	  "items": [
  "coal/3"
  ]
  }
  },
  "requirements": [
    {
      "item": "copper",
      "amount": 90
    },
    {
      "item": "lead",
      "amount": 75
    },
    {
      "item": "graphite",
      "amount": 30
    }
  ],
  "category": "crafting",
  "research": "graphite-press",
  "outputItem": {
    "item": "graphite",
    "amount": 2
  }
}
