{
  "type": "GenericCrafter",
  "name": "Silicon Factory",
  "description": "This is one of the upgrades for Silicon Smelter. It uses same amount of coal and sand, but crafts much faster than usual.",
  "size": 2,
  "health": 340,
  "hasPower": true,
  "hasItems": true,
  "hasLiquids": false,
  "loopSound": "hum",
  "craftTime": 20,
  "loopSoundVolume": 1.3,
  "itemCapacity": 10,
  "consumes": {
  "items": {
	  "items": [
  "coal/1",
  "sand/2"
  ]
  }
  "power": 0.75,
  },
  "requirements": [
    {
      "item": "copper",
      "amount": 90
    },
    {
      "item": "lead",
      "amount": 75
    },
    {
      "item": "silicon",
      "amount": 30
    }
  ],
  "category": "crafting",
  "research": "silicon-smelter",
  "outputItem": {
    "item": "silicon",
    "amount": 1
  }
}
