{
  "type": "flying",
  "name": "[#bbbbff]Crossbow",
  "description": "An upgrade from Longbow, this unit shoots barrage of piercing projectiles that pack a punch.",
  "engineOffset": 12,
  "engineSize": 3,
  "drag": 0.016,
  "accel": 0.08,
  "speed": 0.8,
  "research": "kiky5-bow",
  
  "armor": 10,
  "commandLimit": 888,
  "health": 800,
  "flying": true,
  "rotateWeapon": true,
  "rotateSpeed": 15,
  "itemCapacity": 10,
  "shoot": {
    "type": "ShootAlternate",
    "shots": 4,
    "spread": 20,
    "barrels": 2,
    "shotDelay": 1
  },
  "weapons": [
    {
      "range": 200,
      "x": 7,
      "y": 0,
      "reload": 160,
      "spacing": 0,
      "mirror": true,
        "alternate": true
      "shootSound": "shotgun",
      "bullet": {
        "type": "LaserBoltBulletType",
        "speed": 12,
        "pierce": true,
        "pierceCap": 5,
        "damage": 15,
        "buildingDamageMultiplier": 0.1,
        "mixColorFrom": "aaaaaa",
        "mixColorTo": "dddddd",
        "hitEffect": {
            "type": "MultiEffect",
            "effects": [
                {
                    "type": "WaveEffect",
                    "colorFrom": "aaaaff",
                    "colorTo": "ffffff",
                    "rotation": 0,
                    "sizeFrom": 0,
                    "sizeTo": 3
                }
            ]
        }
      }
    }
  ],
"hitSize": 20
}
