{
  "type": "mech",
  "name": "Mech (3)",
  "description": "Mech, equipped with crazy rocket launcher.",
  "speed": 0.55,
  "flying": false,
  "health": 550,
  "weapons": [
    {
	  "name": "blaster3",
      "x": 5,
      "y": 0,
      "reload": 120,
      "spacing": 0,
      "mirror": false,
        "alternate": false,
		"shootSound": "artillery",
		"top": true,
      "bullet": {
        "type": "BasicBulletType",
		"inaccuracy": 2,
        "speed": 1.5,
        "damage": 90,
        "width": 8,
        "height": 11,
        "lifetime": 360,
        "homingRange": 240,
        "homingPower": 0.01,
        "shootEffect": "shootSmall",
        "smokeEffect": "shootSmallSmoke",
        "hitColor": "FFD27E"
        "backColor": "FFD27E",
        "trailColor": "FFD27E",
        "frontColor": "ffffff",
        "trailWidth": 1.25,
        "trailLength": 24
      }
    }
  ]
}
