{
  "type": "mech",
  "name": "Mech (1)",
  "description": "Mech, equipped with powerful revolver.",
  "speed": 0.55,
  "flying": false,
  "health": 550,
  "weapons": [
    {
	  "name": "blaster2",
      "x": 4.5,
      "y": 0,
      "reload": 25,
      "spacing": 0,
      "mirror": false,
        "alternate": false,
		"top": true,
      "bullet": {
        "type": "BasicBulletType",
		"inaccuracy": 6,
        "speed": 5,
        "damage": 18,
        "width": 6,
        "height": 9,
        "lifetime": 30,
        "shootEffect": "shootSmall",
        "smokeEffect": "shootSmallSmoke",
        "hitColor": "A0B0C8"
        "backColor": "A0B0C8",
        "trailColor": "A0B0C8",
        "frontColor": "ffffff",
        "trailWidth": 1,
        "trailLength": 3
      }
    }
  ]
}
