{
  "type": "mech",
  "name": "Mech (9)",
  "description": "Mech, equipped with piercing phase fabric pistol.",
  "speed": 0.55,
  "flying": false,
  "health": 550,
  "weapons": [
    {
	  "name": "blaster9",
      "x": 4.5,
      "y": 0,
      "reload": 90,
      "spacing": 0,
      "mirror": false,
        "alternate": false,
		"top": true,
      "bullet": {
        "type": "BasicBulletType",
		"inaccuracy": 0,
        "speed": 5,
        "damage": 12,
        "width": 6,
        "height": 9,
        "lifetime": 27,
		"pierceCap": 3,
        "shootEffect": "shootSmall",
        "smokeEffect": "shootSmallSmoke",
        "hitColor": "FFF2D6"
        "backColor": "FFF2D6",
        "trailColor": "FFF2D6",
        "frontColor": "ffffff",
        "trailWidth": 1,
        "trailLength": 30
      }
    }
  ]
}
