{
  "type": "mech",
  "name": "Mech (5)",
  "description": "Mech, equipped with powerful silo.",
  "speed": 0.55,
  "flying": false,
  "health": 550,
  "weapons": [
    {
	  "name": "blaster5",
      "x": 5,
      "y": 0,
  "shoot": {
	  "type": "ShootPattern",
	  "shots": 2
  },
      "reload": 50,
      "spacing": 0,
      "mirror": false,
        "alternate": false,
		"top": true,
		"shootSound": "artillery",
      "bullet": {
        "type": "BasicBulletType",
		"inaccuracy": 15,
        "speed": 3,
        "damage": 15,
        "width": 6,
        "height": 19,
        "lifetime": 180,
        "homingRange": 120,
        "homingPower": 0.02,
        "shootEffect": "shootSmall",
        "smokeEffect": "shootSmallSmoke",
        "hitColor": "7FFFFF"
        "backColor": "7FFFFF",
        "trailColor": "7FFFFF",
        "frontColor": "ffffff",
        "trailWidth": 1,
        "trailLength": 24
      }
    }
  ]
}
