{
  "type": "mech",
  "name": "Mech (6)",
  "description": "Mech, equipped with devastating mine launcher.",
  "speed": 0.40,
  "flying": false,
  "health": 770,
  "weapons": [
    {
	  "name": "blaster6",
      "x": 6,
      "y": 0,
  "shoot": {
	  "type": "ShootPattern",
	  "shots": 1
  },
      "reload": 180,
      "spacing": 0,
      "mirror": false,
        "alternate": false,
		"top": true,
		"shootSound": "artillery",
      "bullet": {
		"sprite": "mine-bullet",
		"inaccuracy": 20,
        "speed": 5,
        "damage": 35,
		"drag": 0.03,
		"keepVelocity": false,
        "width": 12,
		"splashDamageRadius": 60,
		"splashDamage": 5,
        "height": 12,
        "lifetime": 1200,
        "shootEffect": "shootSmall",
        "smokeEffect": "shootSmallSmoke",
        "hitColor": "A4B8FA"
        "backColor": "A4B8FA",
        "trailColor": "A4B8FA",
        "frontColor": "ffffff",
        "trailWidth": 1,
        "trailLength": 4,
		"shrinkY": 0
      }
    }
  ]
}
