{
  "type": "legs",
  "name": "Spider (1)",
  "description": "Spider, equipped with plasma rifle.",
  "speed": 0.7,
  "drag": 0.4,
  "hitSize": 7,
  "rotateSpeed": 3,
  "health": 650,
  "immunities": ["unmoving"],
  "legCount": 6,
  "legLength": 7.5,
  "legForwardScl": 0.6,
  "legMoveSpace": 1.4,
  "hovering": true,
  "armor": 0,
  "shadowElevation": 0.2,
  "groundLayer": 74,
  "weapons": [
    {
    "top": false,
    "shootY": 3,
    "reload": 20,
    "ejectEffect": "none",
    "x": 0,
    "shootSound": "shootAlt",
      "bullet": {
        "type": "BasicBulletType",
		"inaccuracy": 5,
        "speed": 7,
        "damage": 15,
        "width": 6,
        "height": 8,
        "lifetime": 40,
        "hitColor": "BF92F8"
        "backColor": "BF92F8",
        "trailColor": "BF92F8",
        "frontColor": "ffffff",
        "trailWidth": 1,
        "trailLength": 3
      }
    }
  ]
}
