{
  "name": "[#aaaaaa]Pull",
  "description": "Pulls enemies forward.",
  "size": 2,
  "maxAmmo": 20,
  "range": 175,
  "reload": 175,
  "shootSound": "shotgun",
  "inaccuracy": 15,
  "velocityInaccuracy": 0.10,
  "shoot": {
    "type": "ShootAlternate",
    "shots": 30,
    "spread": 0,
    "barrels": 1,
    "shotDelay": 0
  },
  "ammoTypes": {
    "spore-pod": {
      "type": "BasicBulletType",
      "frontColor": "9E78DC",
      "backColor": "7457CE",
      "speed": 15,
      "height": 7.5,
      "width": 7.5,
      "lifetime": 30,
      "despawnEffect": "none",
      "shrinkX": 0,
      "shrinkY": 0,
      "knockback": -5,
      "damage": 1,
      "pierce": true,
      "pierceCap": 10,
      "status": "sapped",
      "statusDuration": 300,
	},
    "thorium": {
      "type": "BasicBulletType",
      "frontColor": "F8A3C7",
      "backColor": "CB8EBF",
      "speed": 15,
      "height": 7.5,
      "width": 7.5,
      "lifetime": 40,
      "despawnEffect": "none",
      "shrinkX": 0,
      "shrinkY": 0,
      "knockback": -8,
      "damage": 3,
      "pierce": true,
      "pierceCap": 12,
	}
  }
  "targetAir": false,
  "targetGround": true,
  "recoilAmount": 1,
  "requirements": [
    {
      "item": "silicon",
      "amount": 25
    },
    {
      "item": "graphite",
      "amount": 50
    }
  ],
  "category": "turret",
  "type": "itemTurret",
  "health": 780,
  "research": "freezer"
}

  
