{
  "name": "[#aaaaaa]Push",
  "description": "Knocks enemies back.",
  "size": 2,
  "maxAmmo": 20,
  "range": 175,
  "reload": 175,
  "shootSound": "shotgun",
  "inaccuracy": 15,
  "velocityInaccuracy": 0.10,
  "shoot": {
    "type": "ShootAlternate",
    "shots": 30,
    "spread": 0,
    "barrels": 1,
    "shotDelay": 0
  },
  "ammoTypes": {
    "graphite": {
      "type": "BasicBulletType",
      "frontColor": "aabbff",
      "backColor": "8899dd",
      "speed": 15,
      "height": 7.5,
      "width": 7.5,
      "lifetime": 30,
      "despawnEffect": "none",
      "shrinkX": 0,
      "shrinkY": 0,
      "knockback": 5,
      "damage": 1,
      "pierce": true,
      "pierceCap": 10,
      "status": "slow",
      "statusDuration": 300,
	},
    "titanium": {
      "type": "BasicBulletType",
      "frontColor": "aaaaff",
      "backColor": "8888dd",
      "speed": 15,
      "height": 7.5,
      "width": 7.5,
      "lifetime": 40,
      "despawnEffect": "none",
      "shrinkX": 0,
      "shrinkY": 0,
      "knockback": 8,
      "damage": 3,
      "pierce": true,
      "pierceCap": 12,
	}
  }
  "targetAir": false,
  "targetGround": true,
  "recoilAmount": 1,
  "requirements": [
    {
      "item": "silicon",
      "amount": 25
    },
    {
      "item": "graphite",
      "amount": 50
    }
  ],
  "category": "turret",
  "type": "itemTurret",
  "health": 780,
  "research": "freezer"
}

  
